gender,Total_Spend,Average_Spend,Max_Spend,Min_Spend
Female,293868.93000000005,2389.1782926829273,26250,5.23
Male,225990.79999999996,2934.945454545454,26250,5.23
